ventas_M1,ventas_M2,ventas_M3,ventas_M4,ventas_M5,ventas_M6,ventas_M7,ventas_M8,ventas_M9,ventas_M10,ventas_M11,ventas_M12,fecha,y
1062,1020,1060,1270,1201,1351,1320,1542,1389,1336,1521,1600,2022-12-11,1
458,555,576,821,1107,1128,1275,1183,1152,1507,1270,1594,2022-12-11,1
558,189,246,171,185,417,410,404,249,142,65,80,2023-01-27,0
302,326,556,647,637,740,668,990,914,1084,1142,1194,2023-02-02,1
333,731,489,695,718,1001,982,751,1181,1138,1085,1238,2023-01-27,1
553,842,794,1122,1135,999,1254,1433,1214,1370,1733,1709,2022-12-11,1
373,464,478,437,788,666,1049,1029,1101,1047,1302,1202,2022-12-11,1
652,377,568,379,411,178,0,0,66,0,0,0,2023-02-02,0
699,628,693,673,282,367,366,280,31,0,18,0,2022-12-11,0
0,141,0,0,0,0,0,0,0,0,0,0,2022-12-11,1
859,850,571,466,378,456,491,479,247,554,235,259,2022-12-11,1
936,856,1199,918,1126,1212,1040,1066,1355,1442,1404,1258,2023-02-02,1
740,972,929,1228,994,1230,1264,1494,1635,1636,1724,1682,2023-02-02,1
373,286,320,387,124,0,199,0,0,0,0,0,2022-12-11,0
133,102,358,375,489,476,369,687,729,576,539,710,2023-01-27,1
801,794,664,701,269,480,471,115,198,249,293,0,2023-01-27,0
610,795,784,739,953,816,1067,1264,1348,1499,1460,1344,2023-01-27,1
202,535,432,715,752,715,690,838,943,1022,1171,1113,2022-12-11,1
184,478,374,641,752,699,848,854,937,993,942,737,2022-12-11,1
1113,809,810,866,980,1121,923,1153,1015,1108,836,944,2022-12-11,1
1068,955,1243,1239,1383,1365,1380,1365,1563,1528,1810,1974,2022-12-11,1
549,862,805,593,629,679,569,618,511,319,260,273,2023-01-27,1
258,0,113,0,0,0,0,0,0,0,0,0,2023-01-27,1
341,679,432,301,360,488,542,341,473,504,725,694,2022-12-11,1
501,765,811,696,738,1087,928,1070,1201,1002,1384,1257,2022-12-11,1
896,833,568,672,418,491,283,428,264,0,75,0,2023-01-27,0
756,913,893,1059,1064,884,1056,1145,1161,1181,1227,1199,2023-01-27,1
799,755,691,403,525,86,125,0,66,0,0,0,2023-02-02,1
290,359,635,598,840,656,981,1011,1022,1124,1417,1313,2023-01-27,1
538,428,438,296,218,272,358,169,256,205,490,388,2023-01-27,0
471,474,454,835,799,773,872,859,886,1134,1156,1002,2023-02-02,1
675,787,664,523,745,511,546,315,419,378,409,615,2022-12-11,1
268,488,569,526,644,650,424,591,543,593,438,706,2023-01-27,1
576,574,647,596,492,546,567,170,350,177,327,65,2023-01-27,1
1142,1223,931,1255,1397,1270,1449,1382,1456,1405,1783,1497,2022-12-11,1
706,453,605,521,168,85,7,0,0,48,0,0,2023-02-02,1
102,116,193,0,246,0,0,0,0,0,0,0,2023-01-27,1
96,102,194,130,98,438,498,352,537,511,248,370,2022-12-11,1
268,199,174,0,0,32,0,0,0,0,0,0,2022-12-11,1
607,541,605,704,884,962,837,1105,861,1102,1002,1115,2022-12-11,1
165,456,362,437,435,132,257,299,205,418,200,327,2023-01-27,0
964,868,635,750,620,495,456,510,430,291,0,14,2023-01-27,1
418,5,125,180,9,5,0,0,0,0,0,0,2023-02-02,0
898,874,1197,1185,1126,1478,1526,1412,1422,1649,1783,1700,2022-12-11,1
422,202,270,298,469,199,580,531,308,661,539,329,2022-12-11,1
54,294,10,41,262,0,0,211,59,0,8,0,2023-02-02,1
622,722,717,653,842,1096,937,1171,1122,1066,982,1368,2023-02-02,1
566,756,866,580,612,659,662,793,689,412,529,597,2023-01-27,0
348,442,404,594,498,395,446,571,338,743,579,493,2022-12-11,1
643,708,616,532,269,330,1,0,93,0,0,0,2022-12-11,0
932,1019,959,1050,1152,1108,1337,1284,1568,1312,1671,1594,2022-12-11,1
557,573,778,562,659,771,596,939,832,662,1056,809,2023-01-27,1
434,485,437,216,469,441,478,412,407,488,610,664,2022-12-11,1
674,588,836,946,1009,929,943,831,1075,1199,1177,989,2023-01-27,1
833,666,719,588,310,453,285,79,104,128,43,0,2023-02-02,1
1120,986,891,920,949,981,1369,1083,1276,1411,1525,1444,2023-02-02,1
768,1088,1155,1293,1348,1498,1332,1454,1558,1680,1995,2125,2022-12-11,1
865,641,427,411,543,435,411,63,0,0,0,0,2022-12-11,0
892,852,755,754,757,686,513,305,450,194,101,196,2023-01-27,1
64,105,0,0,0,0,0,0,0,0,0,0,2023-01-27,0
296,140,142,240,84,277,162,393,353,380,304,458,2022-12-11,1
476,666,635,575,479,603,539,337,306,471,309,241,2023-01-27,1
867,650,781,527,627,571,750,823,587,528,668,471,2023-02-02,0
549,467,238,175,447,167,354,168,209,311,35,152,2023-02-02,1
961,1018,1112,852,1234,1182,1139,1102,1254,1353,1420,1369,2023-02-02,1
997,914,655,547,670,660,490,389,196,245,49,158,2023-02-02,0
721,722,765,709,522,674,749,745,621,583,364,672,2022-12-11,1
379,384,235,1,9,161,0,0,0,0,0,0,2022-12-11,1
373,366,0,76,121,0,0,0,0,0,0,0,2023-02-02,1
289,209,35,154,178,274,24,148,0,0,175,0,2023-01-27,1
792,990,1070,1198,1204,1320,1186,1574,1527,1720,1563,1702,2023-01-27,1
1024,1105,1195,1222,1167,901,1065,1178,1322,1364,1294,1213,2023-01-27,1
247,242,317,151,236,227,73,259,71,49,225,158,2022-12-11,0
213,473,481,326,738,656,686,901,1067,882,1073,1191,2023-02-02,1
616,937,783,865,1033,1229,1294,1253,1457,1275,1584,1528,2023-02-02,1
162,237,337,95,176,27,218,178,0,0,17,0,2023-02-02,0
830,899,898,1051,1141,1439,1345,1593,1777,1500,1657,1811,2023-01-27,1
826,1052,1055,916,932,927,889,971,973,918,931,876,2023-01-27,0
0,116,0,0,0,0,0,0,0,0,0,0,2023-01-27,0
314,86,110,0,73,0,0,0,0,0,0,0,2023-02-02,0
75,298,0,0,0,0,0,0,0,0,0,0,2023-02-02,1
0,0,172,101,0,0,0,0,0,0,0,0,2023-02-02,0
545,637,703,667,963,991,761,814,867,1023,1061,817,2023-01-27,1
148,119,169,0,118,246,160,377,372,97,473,160,2023-02-02,1
547,454,328,560,455,448,430,382,502,383,398,243,2022-12-11,1
0,86,0,0,0,0,0,0,0,0,0,0,2023-01-27,1
906,1168,1075,1030,1347,1443,1604,1693,1554,1882,1765,1898,2023-01-27,1
555,298,438,201,424,217,154,150,205,80,89,0,2023-01-27,1
594,879,518,462,424,454,674,425,491,274,448,335,2023-02-02,0
529,547,394,356,161,17,138,0,77,0,0,0,2023-01-27,1
894,670,693,568,667,659,623,480,776,566,459,584,2023-02-02,0
722,679,997,736,1060,863,838,978,762,803,774,1105,2022-12-11,1
893,792,808,1025,1162,986,1243,1198,1217,1449,1759,1573,2023-02-02,1
101,33,0,0,0,0,0,0,0,0,0,0,2023-02-02,0
879,1104,944,1141,1322,1402,1140,1266,1444,1444,1726,1888,2023-01-27,1
959,631,716,429,349,319,414,209,406,26,241,131,2023-01-27,1
1090,1029,998,1287,1063,1222,1542,1398,1660,1810,1572,1908,2022-12-11,1
205,200,358,288,389,448,401,648,547,700,726,673,2023-02-02,1
423,266,358,278,289,277,0,0,0,0,0,0,2023-01-27,1
564,485,374,562,483,799,848,769,804,704,720,902,2023-02-02,1
108,191,201,605,440,493,752,945,744,840,984,1294,2023-02-02,1
409,521,451,610,571,360,519,797,590,939,704,831,2023-02-02,1
218,490,513,429,721,546,586,884,957,1024,820,1252,2023-02-02,1
155,0,0,0,0,0,0,0,0,0,0,0,2023-02-02,0
490,808,789,897,1095,980,907,959,1117,1075,1423,1539,2023-02-02,1
973,862,999,1230,1268,1340,1428,1442,1758,1721,1588,1749,2022-12-11,1
0,201,188,129,188,201,0,16,199,191,47,5,2022-12-11,1
877,743,763,563,606,409,238,462,158,173,63,0,2023-01-27,0
78,0,12,0,213,116,130,0,106,262,183,246,2023-01-27,0
556,464,626,783,842,685,754,953,1001,1121,1125,1124,2022-12-11,1
924,828,1205,1096,1093,1023,983,1139,1139,1286,1294,1083,2022-12-11,1
235,323,108,60,44,0,97,0,0,0,0,0,2023-01-27,1
379,298,284,493,588,417,805,849,645,1005,1080,1027,2023-01-27,1
548,407,376,455,362,420,455,352,438,666,696,634,2023-01-27,1
554,783,463,376,454,693,636,513,258,408,426,472,2023-02-02,0
169,195,496,438,336,249,315,400,573,557,510,471,2022-12-11,1
925,704,676,1056,913,1091,1132,1193,1211,1378,1199,1282,2023-01-27,1
481,176,485,644,497,500,633,844,776,834,993,1077,2023-01-27,1
592,919,769,750,1199,1244,1247,1254,1175,1332,1541,1457,2022-12-11,1
343,480,559,462,817,652,700,771,985,1062,1039,1414,2023-01-27,1
424,313,273,341,280,60,0,0,0,62,0,0,2022-12-11,1
404,444,518,414,637,591,697,914,694,964,777,1075,2022-12-11,1
315,554,261,469,176,109,101,0,23,0,0,0,2022-12-11,1
1056,962,776,717,839,825,679,599,726,743,562,532,2023-01-27,0
607,598,616,676,933,994,1217,1219,1263,1323,1171,1238,2023-01-27,1
510,675,552,795,537,628,943,856,1053,840,1077,968,2022-12-11,1
501,481,768,584,535,630,586,597,676,721,561,712,2023-02-02,0
772,1054,1026,893,850,750,744,775,859,794,741,710,2023-01-27,1
204,337,516,571,511,765,663,705,867,1070,1179,1155,2022-12-11,1
136,0,19,0,0,0,0,0,0,0,0,0,2023-02-02,0
10,79,10,340,239,219,417,279,304,481,516,552,2022-12-11,1
853,700,744,552,611,725,446,711,472,595,576,208,2023-02-02,0
927,740,1034,898,871,1165,1057,1257,1020,1089,1129,1386,2022-12-11,1
0,119,140,13,0,0,0,0,0,0,0,0,2022-12-11,0
716,812,799,662,710,827,643,792,726,547,632,581,2023-02-02,1
250,212,211,510,153,96,263,153,91,0,1,69,2023-02-02,1
782,702,868,867,587,842,710,760,801,677,755,883,2023-01-27,1
559,138,194,307,163,183,0,47,34,0,0,0,2023-01-27,0
615,828,877,782,689,913,951,802,781,953,1016,1274,2023-01-27,1
469,426,270,532,390,284,433,567,253,372,538,570,2022-12-11,1
934,794,947,1127,1036,1071,1274,1338,1355,1633,1538,1641,2023-02-02,1
905,502,736,512,296,399,425,207,317,171,0,0,2022-12-11,0
937,1085,943,864,1152,993,1114,1310,995,1139,1166,1372,2023-02-02,1
551,699,781,706,674,863,876,957,828,706,842,856,2022-12-11,1
810,731,1052,660,739,592,604,671,478,703,353,669,2022-12-11,0
921,787,549,716,745,800,683,772,502,540,532,817,2023-02-02,0
306,496,600,386,479,769,771,566,873,806,803,736,2023-01-27,1
849,779,779,900,1007,1175,1128,1163,1341,1459,1373,1582,2023-01-27,1
177,159,44,63,190,0,0,0,0,0,0,0,2023-01-27,1
533,382,364,464,473,236,332,265,133,316,294,154,2023-01-27,0
236,172,330,223,336,0,246,217,55,0,31,0,2023-02-02,0
600,469,741,491,694,703,1050,1117,1121,955,1049,1322,2023-01-27,1
633,660,635,457,476,485,626,538,369,689,666,698,2023-01-27,0
0,0,2,94,275,0,160,218,250,227,296,212,2022-12-11,1
952,1028,940,1153,966,1165,1233,1194,1328,1274,1222,1263,2023-01-27,1
374,296,192,224,576,535,557,535,647,775,580,750,2023-01-27,1
243,35,172,440,333,408,126,499,358,462,428,467,2023-01-27,1
948,1070,844,606,810,731,544,470,481,569,449,338,2022-12-11,0
657,469,392,464,230,2,211,110,120,0,0,0,2023-01-27,0
692,733,913,890,1067,1190,1237,1211,1578,1678,1611,1692,2023-02-02,1
62,132,155,162,209,278,136,159,322,281,105,355,2023-02-02,1
225,0,0,18,0,0,0,0,0,0,0,0,2022-12-11,1
1017,844,1242,1005,1180,1481,1434,1685,1772,1911,1991,1889,2023-01-27,1
414,401,624,443,510,685,439,817,560,574,787,620,2023-01-27,1
175,101,11,0,0,0,0,0,0,0,0,0,2023-01-27,1
892,907,879,1050,1089,1300,1225,1327,1537,1715,1818,2093,2023-01-27,1
410,534,810,558,875,834,663,856,867,729,841,962,2022-12-11,1
18,83,62,0,19,0,0,0,0,0,0,0,2023-02-02,0
899,801,732,719,617,385,567,467,141,63,0,0,2022-12-11,0
124,130,0,0,0,0,0,0,0,0,0,0,2023-01-27,0
712,1043,1125,834,968,986,1027,1315,1239,1060,1290,1189,2022-12-11,1
232,325,122,270,2,84,82,0,0,0,0,0,2022-12-11,0
782,1047,1022,656,960,617,805,666,571,509,615,744,2023-02-02,1
707,1087,961,1136,1005,1179,1139,1174,1528,1489,1468,1418,2023-02-02,1
269,26,0,0,0,0,0,0,0,0,0,0,2023-02-02,0
566,508,546,736,515,474,741,626,772,558,646,749,2022-12-11,1
408,536,342,486,25,49,53,0,27,0,0,0,2022-12-11,0
849,856,1115,980,1109,995,1291,1331,1118,1195,1344,1315,2023-01-27,1
0,177,280,252,448,339,536,736,658,925,1127,1042,2022-12-11,1
546,417,763,772,878,663,876,790,741,1026,1204,1146,2023-01-27,1
939,555,756,659,331,581,260,466,221,58,77,78,2022-12-11,0
542,668,407,493,732,573,628,774,948,637,754,999,2023-01-27,1
482,446,423,533,485,629,579,382,234,147,370,367,2023-01-27,0
426,509,657,841,1039,777,972,1274,1088,1389,1160,1326,2023-01-27,1
881,787,861,837,902,621,840,614,906,675,700,565,2023-02-02,1
4,184,94,452,340,453,692,683,451,803,733,756,2023-01-27,1
119,317,392,331,625,905,909,766,1126,892,1166,1136,2023-01-27,1
909,971,609,801,443,601,274,387,156,216,0,119,2023-01-27,0
178,395,406,610,585,636,654,586,811,607,929,632,2022-12-11,1
617,846,853,814,985,1046,1190,1370,1396,1422,1650,1651,2022-12-11,1
545,263,637,692,753,667,651,775,702,623,888,748,2022-12-11,1
89,311,123,267,517,647,679,649,726,652,803,800,2023-02-02,1
231,249,0,90,0,0,0,0,0,0,0,0,2023-02-02,0
1138,992,841,733,615,565,666,325,508,261,253,305,2023-02-02,1
793,591,589,316,255,304,295,193,0,0,0,0,2022-12-11,1
52,243,120,0,0,0,0,0,0,0,0,0,2022-12-11,1
670,714,648,839,1100,1051,975,1317,1280,1398,1278,1577,2022-12-11,1
547,681,806,759,589,782,840,1148,1009,891,1335,1113,2022-12-11,1
570,723,590,773,803,912,1081,1040,1092,1274,1417,1291,2022-12-11,1
83,192,464,642,741,670,690,1130,1144,1175,1119,1418,2022-12-11,1
730,620,775,964,1012,1119,1376,1354,1499,1564,1724,1610,2023-02-02,1
516,649,318,688,715,602,745,854,611,546,713,846,2022-12-11,1
69,208,454,326,302,429,476,494,411,633,775,868,2023-02-02,1
246,274,627,536,702,585,971,850,829,1157,1205,1253,2023-01-27,1
580,612,843,1011,846,965,1208,1091,1454,1561,1584,1473,2022-12-11,1
510,804,344,494,382,333,73,198,27,0,0,0,2023-02-02,0
79,111,0,0,0,0,0,0,0,0,0,0,2023-02-02,0
442,408,299,327,308,0,247,24,89,216,102,0,2023-02-02,1
501,666,344,203,380,0,211,110,0,0,0,0,2023-02-02,1
431,429,617,872,885,1069,1023,1261,1294,1469,1594,1746,2023-02-02,1
827,1050,965,1176,1268,1570,1347,1756,1537,1688,2027,2021,2023-01-27,1
658,678,503,183,276,340,149,0,37,0,0,0,2023-01-27,1
242,243,183,0,90,109,38,0,0,0,0,0,2023-01-27,1
748,736,709,729,1102,923,1115,1188,1508,1422,1419,1665,2022-12-11,1
0,202,249,369,509,599,639,776,962,744,898,1005,2023-01-27,1
435,461,421,139,423,298,367,264,96,418,270,60,2022-12-11,0
1005,738,476,402,257,492,184,136,0,37,0,0,2022-12-11,1
271,404,126,232,115,76,155,73,6,0,0,0,2023-01-27,1
612,383,603,828,1027,931,953,1136,1342,1499,1255,1436,2023-01-27,1
155,0,142,0,214,0,0,58,0,43,0,167,2022-12-11,1
165,418,563,392,478,679,838,1060,776,1176,1040,1182,2023-01-27,1
254,216,0,98,0,0,0,0,0,0,0,0,2023-01-27,0
1017,668,797,864,411,413,346,361,135,32,205,66,2023-01-27,1
642,812,755,908,1184,1045,1081,1060,1118,1162,1363,1231,2023-02-02,1
762,726,779,668,768,674,669,479,227,302,153,127,2023-01-27,1
881,958,974,1060,920,954,904,1094,1133,1085,808,909,2022-12-11,1
213,155,469,446,552,499,521,442,333,573,350,526,2022-12-11,1
58,248,253,361,148,524,480,446,587,481,600,556,2022-12-11,1
174,0,193,407,174,470,638,412,843,922,756,727,2022-12-11,1
632,939,738,606,551,684,822,508,427,529,518,711,2023-01-27,1
498,527,344,387,544,443,208,241,128,183,265,77,2023-01-27,1
826,719,827,546,717,631,389,350,258,0,13,0,2023-02-02,0
52,115,167,233,496,325,411,388,462,623,522,381,2023-01-27,1
966,719,671,974,834,901,988,1104,1064,1229,1188,1023,2023-02-02,1
0,103,0,0,0,0,0,0,0,0,0,0,2023-01-27,0
759,722,1174,1181,1079,1023,1293,1496,1454,1631,1584,1619,2023-01-27,1
327,288,586,417,728,803,465,493,792,795,937,637,2023-01-27,1
223,40,10,100,0,97,45,0,0,0,0,0,2022-12-11,1
120,38,0,0,0,0,0,0,0,0,0,0,2023-02-02,0
709,958,904,934,1157,957,1181,1096,1193,1329,1423,1524,2023-01-27,1
558,196,310,197,103,147,107,0,227,123,0,0,2023-02-02,0
761,627,503,770,542,615,853,624,895,969,861,943,2023-02-02,1
643,541,568,659,798,869,871,664,618,921,842,724,2023-02-02,1
581,768,389,478,349,609,552,536,356,525,532,399,2022-12-11,0
716,994,911,672,834,807,872,746,516,649,667,402,2022-12-11,1
928,1034,800,773,522,724,445,286,504,271,192,287,2022-12-11,1
931,736,806,831,1039,1052,820,1048,1022,874,1068,1025,2022-12-11,1
1015,752,946,670,890,880,616,473,777,486,497,645,2023-01-27,1
945,1011,1133,1183,933,1188,1204,1100,1398,1390,1566,1392,2023-02-02,1
829,1021,1061,1078,902,971,1204,1295,1407,1261,1148,1379,2023-02-02,1
918,984,1009,719,933,531,828,698,609,432,473,415,2022-12-11,1
727,1029,743,989,837,920,882,1072,891,1223,1245,1173,2023-01-27,1
90,96,225,96,150,108,177,0,0,0,0,0,2023-02-02,0
738,842,600,724,1002,1059,1115,1312,1176,1432,1404,1601,2023-01-27,1
899,1023,1091,1054,1174,1135,1207,1202,1377,1353,1481,1421,2022-12-11,1
263,77,0,295,91,308,258,214,122,433,547,536,2023-02-02,1
937,945,681,852,769,609,449,521,191,313,0,0,2023-02-02,0
1024,794,911,733,476,521,360,393,351,522,221,152,2023-02-02,1
0,342,358,394,478,641,846,629,780,845,956,1216,2023-01-27,1
694,751,455,308,536,173,440,210,233,90,0,0,2022-12-11,0
893,1007,1093,1012,1035,1382,1194,1390,1567,1619,1605,1486,2023-02-02,1
820,955,782,914,1232,1282,1339,1381,1107,1112,1306,1506,2023-01-27,1
713,769,700,784,867,715,909,701,857,686,889,762,2023-02-02,1
11,54,227,58,98,16,109,0,0,0,0,0,2023-02-02,0
283,0,161,6,200,314,108,0,113,211,164,105,2022-12-11,1
244,372,376,490,513,446,741,786,683,685,983,1070,2023-02-02,1
0,195,45,153,0,0,0,0,19,0,0,0,2022-12-11,1
842,870,853,869,602,909,606,817,747,757,762,687,2023-02-02,0
233,347,304,255,278,344,260,510,604,496,380,657,2023-01-27,1
723,639,526,303,225,360,211,204,0,0,0,0,2023-02-02,1
150,0,0,127,0,0,0,0,0,0,0,0,2023-02-02,1
8,188,97,8,0,182,0,64,76,0,0,0,2023-01-27,0
413,651,506,738,620,648,946,1112,1044,875,1068,1090,2022-12-11,1
697,758,709,799,386,418,611,578,561,288,249,386,2023-02-02,0
142,211,82,0,324,173,68,0,0,16,31,0,2022-12-11,1
1012,917,827,671,745,765,529,622,564,308,271,152,2023-01-27,1
677,1040,753,1077,1158,1086,1178,1350,1567,1535,1729,1802,2022-12-11,1
383,508,761,513,579,651,695,767,915,989,1066,876,2023-01-27,1
0,78,128,1,203,156,191,189,0,194,182,23,2023-01-27,1
541,558,186,260,363,112,63,322,94,111,264,5,2022-12-11,1
985,1058,889,643,615,745,829,721,691,541,459,382,2023-01-27,1
147,49,270,401,411,450,289,699,580,501,642,755,2023-01-27,1
762,978,978,849,745,689,661,414,317,573,452,151,2022-12-11,0
607,562,515,575,271,284,317,275,0,144,89,6,2023-01-27,1
394,674,781,644,853,700,890,785,975,775,779,1132,2023-02-02,1
71,215,172,0,209,0,0,6,0,0,0,0,2022-12-11,1
1192,924,1251,1356,1421,1482,1681,1690,1764,1751,1872,2154,2022-12-11,1
1065,1014,885,1225,1187,1296,1338,1664,1699,1834,1804,1892,2022-12-11,1
697,644,732,990,871,1097,1057,996,1224,1108,1159,1148,2023-02-02,1
518,502,181,352,203,97,134,0,0,0,0,0,2022-12-11,0
968,915,962,842,750,887,738,723,639,982,828,784,2023-02-02,1
417,537,591,690,595,911,544,880,940,840,802,777,2023-02-02,1
545,645,671,682,959,1036,812,1061,1055,1343,1081,1384,2023-02-02,1
0,0,0,147,0,0,40,0,0,0,0,0,2023-02-02,0
165,68,217,26,0,0,105,0,0,0,0,0,2022-12-11,0
461,775,822,650,737,1082,1156,1076,1287,1230,1328,1158,2023-02-02,1
538,671,876,722,1127,1087,952,1098,1037,1199,1348,1521,2023-02-02,1
355,334,484,405,72,48,210,173,51,0,0,0,2023-01-27,1
886,908,877,631,645,628,336,441,170,343,31,27,2023-02-02,0
240,469,312,279,574,341,461,505,513,482,672,580,2023-02-02,1
988,1113,1022,762,664,912,563,804,767,406,723,652,2023-01-27,1
732,657,844,583,759,639,409,489,532,181,441,147,2022-12-11,1
396,268,426,239,284,25,151,0,0,0,0,0,2023-02-02,0
395,660,655,724,727,600,905,704,860,1011,1135,988,2023-02-02,1
260,0,0,0,0,0,0,0,0,0,0,0,2023-01-27,1
410,298,246,654,430,468,612,631,811,1109,1053,1147,2023-01-27,1
958,818,1048,827,1181,1098,1089,1152,1195,1316,1462,1467,2022-12-11,1
893,619,499,400,417,206,214,233,51,0,0,0,2023-02-02,0
1103,856,917,702,621,629,275,268,432,68,0,0,2023-01-27,0
1028,603,734,766,552,440,314,424,0,115,50,0,2022-12-11,0
586,574,512,765,490,420,572,625,412,518,599,462,2023-02-02,0
403,363,328,229,199,358,232,107,303,383,98,74,2023-01-27,0
637,818,489,533,450,623,297,324,482,186,208,78,2023-01-27,1
300,439,182,376,284,0,0,0,0,0,0,0,2022-12-11,0
632,503,374,417,381,244,338,183,245,91,33,0,2022-12-11,1
192,82,202,135,390,77,145,75,108,328,0,264,2022-12-11,1
774,688,494,464,623,573,537,764,515,803,454,840,2022-12-11,1
334,203,18,73,0,149,41,36,0,0,0,0,2023-01-27,1
677,460,250,434,159,242,165,216,115,0,0,0,2022-12-11,1
365,582,313,527,541,553,405,330,179,142,467,185,2023-01-27,0
828,823,878,1200,1116,1180,1212,1465,1322,1650,1704,1497,2023-02-02,1
308,389,164,376,571,444,786,766,685,1030,868,1002,2022-12-11,1
791,639,616,504,595,795,863,743,818,736,546,599,2022-12-11,1
425,251,501,473,576,560,452,524,539,764,642,529,2022-12-11,1
878,782,586,649,435,417,511,656,575,523,368,298,2022-12-11,1
504,534,354,236,57,172,33,0,0,0,0,0,2023-02-02,0
231,0,49,0,0,0,0,0,0,0,0,0,2022-12-11,1
728,736,593,883,919,913,1054,972,1150,1236,1328,1539,2023-01-27,1
668,694,751,758,437,526,551,273,184,524,301,114,2023-02-02,1
460,847,790,761,1099,1027,1054,1186,1226,1283,1455,1597,2023-01-27,1
523,426,519,549,411,95,226,287,221,74,0,0,2022-12-11,1
1036,1011,781,882,1067,1045,1042,959,1103,923,886,1058,2022-12-11,0
305,279,177,205,0,223,76,98,62,0,0,0,2022-12-11,1
415,224,337,0,88,26,0,0,0,0,0,0,2023-02-02,1
0,143,117,251,306,459,313,412,585,431,816,589,2022-12-11,1
510,784,711,806,982,1013,889,1026,858,991,921,879,2023-02-02,1
929,741,632,566,505,456,255,293,38,0,138,0,2023-01-27,0
490,241,433,427,664,701,544,528,585,629,689,522,2023-02-02,1
380,490,477,624,653,519,574,549,504,311,537,376,2022-12-11,1
760,966,984,733,927,1058,793,878,824,798,824,1158,2023-02-02,1
573,561,577,457,697,724,865,710,843,1105,995,1213,2022-12-11,1
602,673,954,797,673,590,623,763,489,422,670,534,2023-01-27,0
91,151,378,272,80,112,68,271,201,131,274,420,2022-12-11,1
866,601,567,653,312,473,301,379,371,96,61,79,2023-01-27,1
1093,1055,1289,1271,1235,1392,1553,1743,1699,1772,1885,2020,2023-02-02,1
926,804,618,856,527,415,655,324,282,186,324,320,2023-02-02,1
737,869,897,1169,1045,1235,1454,1343,1403,1733,1794,2082,2023-02-02,1
889,960,998,968,907,770,951,854,591,588,833,573,2022-12-11,0
389,378,335,502,384,364,417,284,241,105,76,102,2023-01-27,0
442,275,680,518,620,579,689,789,1008,877,918,1034,2023-01-27,1
58,115,98,25,319,254,470,210,290,602,535,459,2022-12-11,1
10,231,176,188,125,190,0,42,0,0,0,0,2022-12-11,1
283,226,338,378,729,594,923,991,849,1218,981,1146,2022-12-11,1
373,237,354,495,677,464,695,567,828,789,945,890,2022-12-11,1
598,382,374,247,161,205,190,149,0,34,0,0,2023-01-27,0
115,281,242,438,492,446,596,534,639,278,523,584,2022-12-11,1
460,394,728,823,930,945,1013,1043,1160,1163,1224,1537,2023-02-02,1
47,0,360,138,229,255,457,633,412,680,548,784,2023-02-02,1
158,179,63,154,0,0,0,0,0,0,0,0,2023-02-02,0
752,699,511,735,611,546,673,529,432,503,508,491,2022-12-11,1
1184,926,1071,1135,989,989,975,1154,1196,944,1224,1235,2022-12-11,1
447,626,804,807,585,856,948,832,748,1130,1071,1095,2022-12-11,1
479,628,582,715,846,1057,1154,1040,1173,1334,1447,1365,2023-02-02,1
667,888,691,842,910,770,791,551,890,604,700,589,2022-12-11,1
0,0,102,160,157,0,0,228,147,0,0,0,2023-02-02,1
699,978,559,696,382,312,471,408,182,323,116,49,2023-01-27,0
563,814,999,963,883,1185,1052,1294,1206,1435,1422,1248,2023-02-02,1
507,437,622,344,658,686,700,332,661,710,406,505,2022-12-11,1
576,878,749,907,574,673,630,577,601,609,572,819,2023-02-02,0
876,872,569,630,461,557,538,144,438,259,36,129,2022-12-11,1
973,953,899,881,692,649,775,789,831,772,677,766,2023-02-02,1
673,516,300,507,290,283,310,0,10,0,0,0,2023-02-02,0
658,779,521,735,878,964,990,1113,1256,1219,1210,1548,2022-12-11,1
581,748,458,259,493,85,192,110,209,0,0,0,2023-01-27,0
356,302,213,148,202,262,79,6,301,349,220,206,2023-02-02,0
134,152,0,0,0,0,0,0,0,0,0,0,2022-12-11,1
216,27,47,113,156,68,178,0,239,0,0,0,2023-02-02,0
743,737,659,869,1066,1064,914,987,970,1198,1324,1349,2023-01-27,1
258,663,635,717,715,892,891,798,954,913,1016,1245,2023-01-27,1
679,627,681,810,746,1014,912,1118,881,921,1016,1319,2023-01-27,1
418,500,196,216,348,528,473,548,345,637,525,530,2023-01-27,1
564,830,814,802,662,532,631,887,629,931,681,652,2022-12-11,1
821,941,860,846,540,584,284,319,63,42,0,0,2023-02-02,1
66,309,258,290,369,186,342,356,409,212,191,380,2023-01-27,1
304,443,605,695,779,651,624,965,801,950,1155,1011,2023-01-27,1
738,605,878,780,711,738,472,478,461,586,566,285,2023-01-27,1
890,851,879,684,777,316,417,483,357,16,155,0,2023-01-27,0
26,207,193,464,333,513,660,525,611,991,762,836,2022-12-11,1
96,0,113,0,0,0,0,0,0,0,0,0,2023-01-27,0
115,0,47,0,0,0,0,0,0,0,0,0,2023-01-27,1
910,807,973,759,814,861,529,389,482,489,225,280,2023-01-27,1
0,165,111,282,463,198,351,296,693,502,701,515,2023-02-02,1
577,515,458,483,539,427,383,93,203,0,0,0,2023-01-27,1
289,376,355,203,201,220,479,296,229,242,562,500,2023-01-27,1
602,431,358,578,507,561,231,312,329,277,498,296,2023-01-27,0
0,22,53,228,155,0,12,0,29,0,0,0,2022-12-11,1
896,1014,1017,1092,879,1174,1118,1187,1136,1049,1099,1163,2023-01-27,1
407,411,586,815,672,671,993,674,842,864,960,938,2022-12-11,1
300,204,0,103,0,0,0,0,0,0,0,0,2023-02-02,0
339,190,0,0,0,0,0,0,0,0,0,0,2023-02-02,0
143,182,94,150,23,33,0,0,0,4,0,0,2023-02-02,1
727,868,563,631,700,876,698,791,1061,822,1064,926,2022-12-11,1
984,998,963,640,658,431,429,289,244,160,265,0,2023-02-02,1
782,746,564,800,817,627,564,707,769,713,846,645,2023-02-02,1
132,3,365,88,477,558,486,722,582,516,767,735,2022-12-11,1
289,209,40,0,0,0,0,0,0,0,0,0,2023-02-02,1
480,588,941,700,830,946,1253,1117,1392,1367,1283,1691,2023-01-27,1
237,401,303,304,381,387,460,480,839,578,904,924,2022-12-11,1
1024,1015,918,945,748,810,1033,827,1143,1004,1061,1155,2022-12-11,1
392,661,664,445,482,503,595,479,677,605,643,731,2023-01-27,1
1071,770,678,968,911,766,715,808,723,433,621,577,2022-12-11,0
271,2,0,0,0,0,0,0,0,0,0,0,2023-01-27,0
255,358,72,331,526,530,769,735,772,1114,1035,927,2022-12-11,1
405,5,317,72,70,0,12,0,62,67,0,0,2022-12-11,1
914,1184,1141,1045,1103,1362,1422,1593,1286,1573,1522,1496,2022-12-11,1
527,653,606,387,343,308,356,0,44,174,0,0,2022-12-11,0
488,485,375,483,235,253,371,358,324,245,343,65,2023-01-27,1
122,269,31,363,371,324,361,833,595,942,878,779,2023-02-02,1
728,1064,919,1045,1138,1157,1530,1621,1381,1757,1770,1710,2023-01-27,1
94,110,275,472,344,314,669,509,448,536,869,888,2023-02-02,1
477,437,587,451,567,834,1050,960,1172,1194,1263,1271,2022-12-11,1
350,19,387,352,273,285,310,521,665,678,743,854,2023-01-27,1
412,608,291,310,0,19,0,0,0,0,0,0,2023-01-27,0
152,0,0,194,223,0,77,0,193,0,113,0,2023-01-27,1
357,271,246,142,94,0,0,80,0,0,0,0,2022-12-11,0
333,235,264,145,136,70,101,0,0,0,0,0,2023-02-02,0
720,778,635,647,750,772,916,606,842,735,929,889,2022-12-11,1
165,234,138,0,131,0,0,0,0,0,0,0,2023-02-02,0
609,513,274,284,284,0,118,74,0,0,0,0,2023-01-27,0
355,412,390,492,656,437,626,480,364,575,420,582,2022-12-11,1
438,330,136,169,196,0,0,0,0,0,0,0,2023-02-02,0
839,1029,1080,964,1257,1176,1229,1150,1441,1386,1483,1391,2023-01-27,1
595,482,178,147,137,0,0,0,0,0,0,0,2023-01-27,1
637,715,660,688,854,835,981,1043,1039,1159,1292,988,2023-02-02,1
937,872,713,576,632,269,113,245,220,0,56,0,2022-12-11,1
685,690,474,717,530,604,386,500,747,486,709,453,2023-01-27,1
425,259,462,307,569,518,471,394,390,394,456,732,2023-01-27,1
586,701,603,747,423,634,591,815,633,852,789,795,2023-02-02,1
983,731,857,930,918,875,1114,977,1185,1136,1182,1297,2023-01-27,1
1048,761,933,937,1151,1400,1234,1540,1509,1491,1875,1782,2023-02-02,1
378,163,318,244,194,0,0,0,0,0,0,0,2023-02-02,0
545,464,483,714,622,696,806,1018,1047,959,1160,1079,2022-12-11,1
615,508,129,45,0,0,0,0,0,0,0,0,2022-12-11,0
719,722,513,800,872,792,857,1075,1095,1025,1351,1449,2022-12-11,1
248,374,265,147,252,16,0,0,0,0,0,50,2022-12-11,0
868,670,547,684,761,664,365,565,341,441,171,354,2023-01-27,1
817,662,943,790,760,1012,1137,1093,1249,1082,1017,1304,2023-02-02,1
78,189,185,0,89,1,0,0,0,0,0,0,2023-02-02,1
546,495,665,634,914,1000,1135,1076,1413,1225,1404,1349,2023-01-27,1
376,537,690,819,695,772,1117,1047,1059,1434,1413,1329,2023-02-02,1
72,31,186,50,0,0,0,0,15,0,0,0,2023-01-27,0
511,691,390,428,267,252,299,163,0,211,0,0,2023-01-27,1
60,338,177,203,407,376,206,510,357,444,349,366,2022-12-11,1
0,0,0,183,112,44,75,2,111,0,58,0,2022-12-11,0
0,0,0,94,86,0,0,0,0,0,0,0,2023-02-02,0
0,280,215,298,267,295,373,292,458,469,743,695,2022-12-11,1
711,988,891,984,934,1028,972,1017,1055,1268,1275,1035,2023-02-02,1
190,0,406,450,476,543,245,549,604,561,722,609,2022-12-11,1
269,246,316,475,400,644,578,958,789,1059,895,1206,2022-12-11,1
1160,840,1016,1033,1038,1134,1080,1406,1491,1183,1369,1295,2023-01-27,1
679,587,637,843,935,1120,1226,1191,1325,1275,1231,1432,2023-01-27,1
128,0,0,0,232,213,203,227,217,219,336,506,2023-01-27,1
868,1028,928,826,1098,845,740,849,766,1014,894,958,2022-12-11,1
127,195,147,306,296,86,26,28,211,163,154,153,2022-12-11,1
834,772,794,1082,1086,932,1057,1244,1452,1257,1449,1804,2023-01-27,1
267,269,165,161,200,438,419,453,380,476,376,538,2023-01-27,1
326,498,590,419,640,887,908,1038,1085,1119,1036,1145,2022-12-11,1
350,430,396,214,473,157,383,368,168,134,20,0,2023-02-02,1
634,685,575,418,543,486,340,202,322,77,131,0,2023-01-27,1
788,527,901,922,851,981,1166,1424,1309,1334,1416,1654,2023-01-27,1
935,1087,1215,1292,1197,1377,1406,1285,1479,1722,1645,1643,2022-12-11,1
1048,678,675,704,816,853,609,585,732,838,606,739,2022-12-11,1
591,603,577,510,831,574,865,742,905,832,1003,1137,2023-01-27,1
0,0,0,40,0,0,0,0,0,0,0,0,2023-01-27,1
925,1168,1046,1046,1466,1569,1265,1355,1631,1650,1779,1725,2023-02-02,1
929,812,932,912,944,837,589,770,772,481,465,695,2023-01-27,0
610,368,380,478,429,381,387,594,623,449,774,670,2022-12-11,1
135,238,360,204,112,179,0,0,0,0,0,0,2023-01-27,1
952,715,693,415,410,552,367,369,174,217,210,0,2023-01-27,1
518,249,388,105,188,301,0,0,0,0,42,0,2023-01-27,0
556,747,741,994,904,991,999,1178,1531,1344,1629,1529,2023-02-02,1
524,461,113,51,236,0,0,0,0,0,0,0,2022-12-11,0
797,905,716,648,854,546,804,636,606,734,681,312,2022-12-11,0
621,825,479,380,598,333,494,413,152,147,385,66,2022-12-11,1
487,551,384,573,415,392,644,538,555,643,650,753,2022-12-11,1
329,244,458,272,403,363,411,531,655,842,722,680,2023-01-27,1
8,0,0,53,0,0,0,0,0,0,0,0,2022-12-11,1
540,468,344,367,353,385,375,482,555,510,867,644,2023-01-27,1
268,370,176,126,183,0,0,0,0,0,0,0,2023-01-27,1
114,82,187,5,142,21,13,0,0,0,0,0,2023-02-02,1
356,312,301,403,306,315,555,568,408,611,908,653,2022-12-11,1
373,652,505,462,568,534,730,717,783,873,894,732,2023-02-02,1
614,773,913,669,715,765,856,1096,1008,1240,904,1031,2022-12-11,1
252,36,0,79,74,0,0,0,0,0,0,0,2022-12-11,1
243,316,103,0,13,107,0,0,0,0,0,0,2023-01-27,0
390,242,69,359,321,161,310,75,348,230,63,204,2023-01-27,1
718,1017,935,1138,941,1264,1301,1120,1225,1349,1167,1312,2022-12-11,1
546,357,262,367,86,131,191,295,222,133,0,132,2022-12-11,0
992,1032,1003,1027,1263,1441,1161,1541,1538,1392,1515,1687,2023-02-02,1
550,684,631,437,620,589,348,486,498,687,688,460,2023-01-27,0
518,619,406,721,862,858,755,987,872,1123,1035,1002,2022-12-11,1
1126,996,759,758,751,608,681,649,541,552,245,400,2022-12-11,1
226,0,0,0,0,0,0,0,0,0,0,0,2023-01-27,0
240,486,386,311,147,425,286,278,229,313,181,274,2022-12-11,1
847,530,725,361,421,491,343,240,0,95,15,0,2022-12-11,1
0,61,206,308,127,456,503,304,688,735,447,499,2022-12-11,1
515,635,484,221,464,80,230,119,51,0,0,0,2023-01-27,0
793,999,1145,937,1017,1135,1427,1175,1303,1443,1360,1581,2022-12-11,1
1082,963,1160,1285,1206,1321,1186,1323,1371,1568,1712,1555,2023-01-27,1
138,48,114,0,0,0,0,0,0,0,0,0,2022-12-11,0
958,1073,962,1090,1230,1116,1526,1382,1617,1709,1492,1867,2022-12-11,1
144,45,0,0,25,0,0,0,0,0,0,0,2022-12-11,1
848,530,666,712,679,715,902,1035,777,1070,1138,988,2022-12-11,1
346,440,195,207,256,45,160,0,0,0,153,53,2022-12-11,1
646,540,464,697,774,903,791,1086,1110,1118,1169,1474,2023-02-02,1
827,572,778,545,694,566,507,637,587,816,565,933,2022-12-11,1
475,543,532,652,691,723,759,886,566,822,933,774,2022-12-11,1
0,130,0,0,0,0,0,0,0,0,0,0,2022-12-11,1
634,611,894,836,879,599,623,572,592,629,639,638,2022-12-11,1
536,376,674,704,444,401,635,572,677,507,759,797,2023-02-02,1
898,598,594,429,613,280,491,174,201,184,123,113,2023-02-02,1
109,227,426,179,511,189,290,429,373,456,353,427,2022-12-11,1
298,204,65,0,7,0,0,0,0,0,0,0,2022-12-11,1
0,62,214,0,79,0,0,0,0,0,0,0,2023-02-02,0
409,397,408,334,337,615,594,621,557,629,428,703,2022-12-11,1
79,0,0,0,0,0,0,0,0,0,0,0,2022-12-11,0
323,271,330,489,373,590,676,738,613,921,673,1133,2022-12-11,1
0,0,0,0,0,0,0,0,0,0,0,0,2023-02-02,0
658,663,590,698,681,834,799,756,594,636,402,479,2022-12-11,1
670,474,755,648,626,606,650,820,828,801,849,868,2022-12-11,1
368,91,327,294,145,325,282,138,370,85,218,222,2023-02-02,1
116,101,225,164,83,0,0,0,0,0,0,0,2023-01-27,0
774,666,863,768,863,786,1105,1180,1183,1045,1215,1216,2023-01-27,1
260,230,99,14,0,0,154,0,0,0,0,0,2023-02-02,1
531,721,790,740,726,717,615,587,759,466,487,533,2023-02-02,0
272,86,79,0,59,116,92,0,0,0,0,0,2022-12-11,1
800,991,882,956,688,597,859,530,809,597,504,336,2022-12-11,1
698,761,559,734,827,810,723,741,854,775,812,994,2022-12-11,1
387,152,335,100,209,155,0,89,0,0,75,0,2022-12-11,1
0,57,93,197,125,159,127,0,48,0,0,0,2023-02-02,0
221,202,57,119,19,43,36,27,36,0,0,0,2022-12-11,1
1034,891,987,909,690,517,725,745,580,625,546,445,2022-12-11,1
277,352,582,645,397,487,654,432,684,690,486,786,2022-12-11,1
805,1016,961,1071,1086,1197,1140,1169,1037,1004,1055,1210,2022-12-11,1
548,723,863,878,748,823,690,844,811,822,575,614,2023-01-27,1
761,671,788,667,790,939,898,950,756,898,752,847,2023-01-27,1
792,639,432,607,554,239,69,200,0,0,0,0,2022-12-11,0
969,788,815,1157,1264,1145,1309,1435,1329,1777,1519,1957,2022-12-11,1
370,128,0,0,246,102,0,108,0,0,0,0,2023-02-02,0
779,665,646,973,696,723,902,871,837,773,790,714,2022-12-11,0
640,317,439,478,652,564,508,441,552,687,828,743,2022-12-11,1
271,646,363,650,450,734,645,765,604,781,614,694,2022-12-11,1
0,251,70,359,327,352,413,620,407,482,644,524,2023-02-02,1
694,614,178,419,279,0,19,0,0,0,0,0,2022-12-11,0
218,524,275,695,657,568,843,880,895,722,1095,1004,2023-02-02,1
764,774,779,918,1092,1071,1074,1021,1324,1399,1393,1199,2023-02-02,1
281,125,347,421,82,348,330,378,55,286,9,79,2023-02-02,1
376,621,598,460,279,394,183,334,401,234,59,71,2023-01-27,0
587,691,499,633,367,323,450,383,0,56,130,84,2023-02-02,0
339,657,466,647,600,760,1150,1101,1109,1366,1175,1497,2023-01-27,1
653,873,798,848,1092,1051,1215,936,1238,1242,1241,1198,2022-12-11,1
692,784,543,396,529,615,525,376,10,207,165,0,2023-02-02,0
46,44,279,33,227,167,115,206,211,198,254,319,2022-12-11,1
387,278,445,244,412,216,256,208,343,87,426,93,2023-01-27,1
0,188,22,259,0,173,35,207,119,445,549,467,2023-01-27,1
569,658,545,149,9,0,41,0,0,0,0,0,2023-01-27,0
346,208,231,24,231,214,0,168,0,36,0,0,2023-01-27,1
1030,818,1018,844,1103,1131,1208,966,1170,1142,1220,933,2023-01-27,1
613,486,406,413,203,159,249,392,169,115,14,291,2022-12-11,0
319,6,302,154,537,399,637,478,666,850,1059,847,2023-02-02,1
672,936,780,939,823,1068,824,1147,960,1229,1048,1265,2022-12-11,1
711,943,850,651,691,512,621,513,607,408,527,434,2023-01-27,0
723,977,766,791,852,728,939,946,1050,1167,988,944,2022-12-11,1
508,659,537,407,278,140,0,57,0,0,0,0,2022-12-11,0
683,758,973,1008,1165,1037,1297,1251,1174,1228,1493,1385,2023-02-02,1
795,1017,955,1026,1053,696,893,709,875,1053,812,1020,2023-01-27,0
330,153,376,186,436,374,324,747,569,568,553,718,2023-01-27,1
451,717,508,430,705,709,569,682,501,404,444,756,2022-12-11,1
440,284,55,43,96,224,33,190,0,0,162,0,2023-02-02,0
951,931,1140,1148,1075,1242,1565,1519,1704,1496,1879,1881,2022-12-11,1
137,314,183,454,509,768,802,954,942,842,986,1069,2023-02-02,1
627,724,755,781,1054,850,1286,1218,1193,1216,1403,1514,2023-01-27,1
832,681,674,658,731,572,561,569,340,208,140,159,2022-12-11,1
784,1068,927,1012,1192,1333,1588,1661,1587,1707,1687,1997,2023-01-27,1
354,731,741,443,749,478,424,461,498,438,550,567,2022-12-11,1
745,873,689,814,1231,1222,1363,1242,1456,1684,1440,1905,2023-02-02,1
7,151,370,279,622,687,720,846,581,1028,802,1036,2023-01-27,1
225,11,273,355,355,225,106,176,513,369,504,628,2023-01-27,1
397,271,282,95,0,0,0,0,0,0,0,0,2023-02-02,1
754,731,351,489,392,212,400,36,143,5,0,21,2022-12-11,1
68,15,60,130,36,215,8,0,0,0,0,67,2023-02-02,0
987,1027,1057,1185,1311,1297,1242,1494,1514,1377,1669,1654,2023-02-02,1
442,367,368,279,160,124,69,148,0,60,12,0,2023-01-27,0
218,267,637,677,709,607,646,769,708,850,1114,1184,2022-12-11,1
199,169,0,0,0,0,0,0,0,0,0,0,2023-01-27,0
0,10,34,0,0,88,0,0,0,0,0,0,2023-02-02,0
711,892,854,796,472,628,528,280,607,301,166,285,2022-12-11,1
761,650,515,122,390,304,0,7,0,0,0,0,2023-01-27,0
212,484,696,678,898,919,783,964,1237,1188,1321,1385,2022-12-11,1
222,192,120,74,3,37,208,0,26,0,0,0,2023-02-02,0
636,375,479,493,344,20,13,0,0,0,0,0,2022-12-11,0
190,351,107,246,133,274,355,84,100,154,157,150,2022-12-11,0
9,0,0,0,0,0,0,0,0,0,0,0,2022-12-11,1
738,326,607,552,340,124,103,48,24,0,33,0,2022-12-11,1
565,792,561,820,715,692,867,870,767,779,904,1108,2022-12-11,1
263,699,461,525,712,728,927,943,1202,1135,1093,1348,2023-02-02,1
699,641,516,469,225,212,167,134,433,370,310,297,2023-02-02,0
456,802,839,773,840,1002,707,874,919,987,998,932,2022-12-11,1
484,564,701,854,1243,1240,1445,1341,1419,1403,1598,1789,2022-12-11,1
994,865,841,745,690,595,547,546,759,584,510,454,2022-12-11,0
780,463,629,507,208,393,246,113,112,0,0,0,2023-02-02,0
551,475,604,388,370,584,277,548,451,486,506,289,2023-02-02,0
1046,1020,1046,1020,1067,1142,1133,1138,999,1093,886,1045,2023-01-27,1
216,0,0,0,0,0,0,0,0,0,0,0,2023-01-27,1
988,844,898,875,705,787,568,688,762,569,455,684,2023-02-02,0
294,336,135,0,0,0,0,0,0,0,0,0,2023-01-27,1
584,430,375,551,383,462,172,305,0,0,0,0,2023-01-27,1
375,21,34,0,0,0,0,0,0,0,0,0,2022-12-11,0
519,528,411,630,808,744,613,697,775,957,1140,1361,2023-01-27,1
606,968,929,1032,913,1288,1133,1172,1459,1536,1455,1765,2022-12-11,1
203,193,0,79,0,0,0,0,0,0,0,0,2023-01-27,0
640,801,956,1061,791,882,1213,1154,1084,1087,1377,1224,2023-01-27,1
216,217,250,188,299,218,566,382,369,520,655,819,2023-02-02,1
197,158,146,108,341,64,2,306,125,386,376,460,2022-12-11,1
105,237,43,122,87,271,381,130,218,411,208,336,2022-12-11,1
301,347,352,107,0,0,0,0,0,0,0,0,2023-01-27,0
0,0,117,0,213,190,104,206,366,425,376,443,2022-12-11,1
555,677,653,822,858,999,874,960,1047,858,829,1127,2023-02-02,1
364,695,655,538,550,761,674,619,650,866,963,1040,2023-02-02,1
869,1040,984,1027,1079,1077,1132,1061,1388,1250,1506,1383,2023-02-02,1
201,211,0,130,0,0,0,0,0,0,0,0,2023-02-02,0
344,0,188,103,106,300,146,321,244,71,200,137,2023-01-27,1
675,515,582,659,423,504,601,538,301,364,399,231,2022-12-11,1
494,401,227,332,306,251,169,340,386,126,350,379,2023-02-02,0
160,367,288,0,0,0,0,0,0,0,0,0,2023-02-02,0
937,999,1212,1304,1252,1429,1609,1340,1701,1683,1799,1871,2023-02-02,1
819,793,1131,837,1182,1058,1247,1172,1263,1086,1212,1325,2022-12-11,1
864,1036,1017,791,872,769,811,747,866,656,646,668,2022-12-11,0
814,835,862,956,1075,981,1072,849,856,1004,992,875,2022-12-11,1
492,641,370,381,334,565,394,408,105,0,261,0,2022-12-11,0
236,507,477,403,449,422,576,626,792,918,906,1016,2022-12-11,1
533,909,661,867,800,712,693,788,874,762,977,928,2023-01-27,1
301,214,72,0,0,0,0,0,0,0,0,0,2023-02-02,0
118,328,161,365,284,580,616,527,688,702,927,644,2022-12-11,1
587,595,619,541,573,952,984,918,1179,1293,1354,1174,2023-02-02,1
394,432,323,231,516,406,448,203,309,429,378,384,2023-01-27,0
492,710,781,742,795,1035,862,1186,1126,1053,1116,1477,2022-12-11,1
0,0,0,0,0,0,0,0,0,0,0,0,2023-02-02,0
544,418,496,637,572,559,438,578,684,511,443,390,2022-12-11,1
240,321,270,254,329,97,67,264,8,125,268,245,2023-02-02,1
913,948,1005,822,918,877,949,976,1073,1034,976,925,2023-01-27,1
666,395,162,285,80,0,0,42,184,0,0,0,2023-02-02,0
1033,839,1034,1175,1001,890,1078,933,929,1255,1228,1254,2022-12-11,1
181,117,18,0,139,0,0,0,0,0,0,32,2023-02-02,0
30,158,99,0,149,0,30,0,0,0,0,0,2022-12-11,1
778,571,650,673,776,563,481,475,500,723,596,735,2023-01-27,1
750,563,357,235,233,108,259,0,0,0,0,0,2023-02-02,1
864,965,707,704,604,793,687,544,678,491,476,584,2023-01-27,0
218,305,424,519,471,542,533,596,557,768,446,742,2023-02-02,1
657,471,639,656,489,268,517,415,274,394,261,189,2023-01-27,1
978,1086,949,1071,1004,1148,1240,1299,1295,1222,1296,1319,2023-02-02,1
1039,872,888,1073,921,921,1024,1027,686,710,819,731,2022-12-11,0
277,655,596,501,456,438,645,671,839,497,667,731,2022-12-11,1
20,175,183,0,105,122,0,0,22,82,0,0,2022-12-11,1
56,45,0,19,184,93,73,117,305,159,441,69,2022-12-11,1
601,585,609,370,428,541,311,584,650,460,443,292,2022-12-11,1
148,177,138,0,255,217,122,0,14,0,0,0,2023-01-27,0
38,100,0,207,382,27,332,397,312,436,315,552,2022-12-11,1
918,896,1018,752,584,702,668,597,449,220,171,73,2023-01-27,1
574,470,589,946,893,921,1017,1305,1329,1371,1318,1502,2023-01-27,1
499,388,533,678,593,1013,1066,1052,1211,1158,1327,1279,2023-02-02,1
446,200,179,272,182,272,491,204,287,131,486,441,2023-01-27,0
260,151,135,286,121,222,0,304,260,165,120,0,2023-02-02,0
450,478,811,571,575,575,918,671,1060,789,864,991,2023-01-27,1
0,0,0,0,0,0,0,0,0,0,0,0,2023-01-27,1
51,0,41,181,208,222,0,150,45,282,83,0,2022-12-11,1
207,0,67,9,0,0,0,0,0,0,0,0,2023-02-02,1
945,850,1182,1210,1323,1413,1317,1532,1778,1734,1649,1940,2022-12-11,1
748,916,951,1067,1124,1341,1310,1456,1445,1740,1439,1690,2023-01-27,1
793,851,1026,998,1170,1162,1481,1431,1757,1700,1714,1708,2023-02-02,1
146,0,0,0,0,0,0,0,0,0,0,0,2022-12-11,0
180,217,107,0,108,212,0,163,270,0,55,246,2022-12-11,1
279,0,251,259,113,268,0,0,156,254,0,0,2023-01-27,1
407,46,217,177,268,65,143,0,0,0,0,0,2023-02-02,0
691,871,618,713,808,784,733,991,1016,1047,1179,1132,2022-12-11,1
351,644,272,534,417,530,226,226,489,254,524,405,2022-12-11,1
412,486,580,638,987,933,868,909,1031,1174,1298,1111,2022-12-11,1
455,377,45,6,0,0,0,0,0,0,0,0,2023-02-02,1
336,78,192,199,215,198,43,0,186,143,0,161,2023-01-27,1
766,885,1188,1237,1264,1431,1546,1705,1722,1660,1940,1813,2023-01-27,1
915,799,850,1081,1145,978,1068,1043,958,1287,1285,1120,2023-02-02,1
210,59,86,63,194,0,0,0,0,0,0,0,2023-02-02,0
12,64,0,0,0,150,103,169,0,0,73,0,2022-12-11,1
0,31,182,329,264,561,696,578,558,865,820,944,2022-12-11,1
690,987,778,623,835,690,704,920,956,733,820,728,2023-01-27,0
194,80,139,0,0,0,0,0,0,0,0,0,2023-02-02,0
432,442,713,583,475,249,311,403,330,211,469,322,2023-01-27,0
810,914,924,1057,1458,1307,1355,1447,1803,1888,1908,2037,2023-01-27,1
618,726,473,705,533,477,605,403,349,497,305,395,2022-12-11,1
616,870,679,784,978,1116,1153,1043,1030,1381,1174,1421,2023-01-27,1
679,486,760,641,704,887,833,723,701,1037,766,759,2022-12-11,1
0,235,294,626,517,605,813,907,1102,1042,1074,1324,2023-01-27,1
654,295,464,460,251,79,159,0,49,0,0,0,2023-01-27,1
282,0,0,0,0,0,0,0,0,0,0,0,2022-12-11,1
783,704,484,397,630,507,219,129,123,37,252,0,2022-12-11,0
155,34,55,169,169,68,0,0,0,0,0,0,2023-02-02,0
220,383,515,641,352,487,722,965,964,1109,928,1008,2023-01-27,1
1051,733,627,629,343,280,376,235,115,176,0,0,2022-12-11,1
0,130,142,159,140,0,61,6,0,0,0,0,2022-12-11,1
838,981,933,1065,814,1005,1056,870,893,1044,1047,704,2023-01-27,1
88,220,225,344,240,561,320,596,829,764,719,807,2022-12-11,1
489,218,292,567,307,443,545,443,424,535,385,426,2023-02-02,1
327,512,646,559,684,1019,1120,855,1140,948,1046,1199,2022-12-11,1
165,0,0,0,0,81,0,0,141,53,116,0,2023-02-02,1
0,101,0,0,219,0,0,0,146,0,0,0,2023-02-02,1
743,921,777,1123,1157,1106,1199,1110,1511,1534,1448,1584,2023-02-02,1
155,286,451,289,419,371,512,219,388,527,352,274,2022-12-11,1
172,275,291,209,141,237,400,287,350,167,178,88,2022-12-11,1
144,144,472,351,733,595,817,807,962,1047,1157,1014,2022-12-11,1
368,598,430,676,752,1027,968,856,1079,1158,1322,1437,2023-01-27,1
465,30,119,32,85,1,0,0,0,0,0,0,2023-02-02,1
432,117,322,151,96,110,0,0,0,0,0,0,2023-02-02,1
745,791,907,597,845,576,443,544,611,524,326,393,2023-02-02,1
214,70,153,183,0,0,0,0,0,0,0,0,2023-02-02,1
513,730,753,886,1089,869,1090,1011,1135,1506,1284,1613,2023-01-27,1
1047,852,911,686,988,583,849,713,634,789,476,384,2022-12-11,1
532,583,542,600,314,659,620,386,616,507,821,731,2023-01-27,1
150,319,148,433,395,115,165,135,102,149,247,0,2023-01-27,1
625,740,647,736,636,846,961,723,839,801,937,1168,2022-12-11,1
461,492,296,563,304,566,596,499,369,256,554,568,2023-02-02,1
181,0,0,0,0,0,0,0,0,0,0,0,2023-02-02,0
839,774,901,797,891,826,688,698,807,818,993,965,2022-12-11,1
737,647,633,505,170,214,102,0,244,0,16,0,2023-02-02,1
245,276,622,600,607,490,604,588,674,645,754,1083,2023-01-27,1
789,1026,715,708,891,956,864,785,685,763,625,793,2023-01-27,0
780,575,272,316,443,295,210,196,0,0,0,0,2023-02-02,1
717,873,801,860,576,596,732,497,607,188,266,196,2023-01-27,0
370,300,496,572,598,575,695,1035,1179,1040,1326,1253,2022-12-11,1
266,54,218,272,450,244,282,347,606,685,648,641,2023-01-27,1
252,346,190,223,496,424,635,643,647,890,943,1196,2023-01-27,1
643,826,571,844,914,1176,994,1341,1312,1467,1269,1350,2023-02-02,1
529,337,420,224,460,123,375,168,101,79,115,0,2023-02-02,0
931,1009,979,913,772,867,674,776,972,642,803,791,2022-12-11,1
646,896,859,548,626,892,785,863,866,627,548,748,2023-02-02,1
632,683,744,925,1034,834,1153,1200,1194,1387,1329,1204,2023-02-02,1
413,97,0,257,165,0,0,0,0,0,0,0,2023-01-27,1
400,696,520,850,633,956,1032,880,1242,1055,1326,1175,2022-12-11,1
431,452,536,589,807,946,715,1081,959,998,1248,1199,2022-12-11,1
1136,799,965,735,658,421,350,267,471,355,247,0,2022-12-11,1
1136,1147,858,922,1191,1116,1096,1183,1378,1095,1142,1306,2022-12-11,1
963,1110,1155,1047,937,1244,1185,1269,1200,1571,1478,1588,2023-02-02,1
345,457,100,60,256,149,63,0,0,0,0,0,2023-02-02,1
1118,863,1122,946,1011,1272,1115,1250,1113,1372,1241,1204,2022-12-11,1
802,617,823,785,757,808,434,501,683,698,486,403,2023-02-02,1
72,170,475,271,567,597,476,724,459,679,586,747,2023-01-27,1
767,941,1102,1110,1143,1359,1473,1240,1688,1704,1738,1866,2022-12-11,1
780,741,776,557,398,301,315,303,166,123,155,313,2023-01-27,1
946,755,825,675,881,923,888,879,915,1045,1095,1115,2022-12-11,1
537,553,685,666,428,432,398,745,460,411,644,692,2023-02-02,1
570,872,926,945,819,1147,1060,1168,1032,1221,1248,1165,2023-02-02,1
861,1043,1235,1174,1061,1325,1500,1218,1396,1615,1704,1611,2022-12-11,1
797,784,788,1022,1111,1015,1192,1056,947,992,1077,1238,2022-12-11,1
445,592,760,607,694,723,514,512,587,382,420,610,2023-01-27,1
0,0,373,281,291,194,632,556,764,605,793,711,2023-01-27,1
577,704,483,595,609,700,1075,1140,1180,1279,1291,1476,2022-12-11,1
94,53,181,270,80,5,217,276,309,239,134,122,2023-01-27,0
222,387,111,58,20,15,0,0,0,0,0,0,2023-01-27,0
0,132,264,60,378,426,169,384,454,379,624,436,2023-01-27,1
805,724,553,444,207,109,309,152,30,0,0,0,2023-02-02,1
717,822,845,854,739,983,939,1043,1170,1477,1242,1562,2023-01-27,1
337,426,667,536,690,984,1096,1220,954,1070,1237,1417,2023-02-02,1
192,558,403,723,749,681,629,738,961,960,856,1094,2023-02-02,1
791,501,585,458,487,579,458,128,26,54,161,102,2023-02-02,1
51,139,82,301,174,240,286,352,73,213,257,262,2023-01-27,1
73,0,0,0,0,0,0,0,0,0,0,0,2022-12-11,1
263,161,295,126,238,443,189,342,541,261,298,652,2023-02-02,1
490,487,545,767,781,861,869,1131,834,934,888,1304,2023-02-02,1
623,787,729,622,577,338,170,445,380,128,293,168,2023-02-02,0
337,741,801,759,706,1078,1196,1171,1300,1447,1638,1578,2023-01-27,1
607,512,507,194,211,172,108,0,0,0,0,0,2023-02-02,1
114,314,258,200,105,206,122,144,135,0,0,0,2023-01-27,1
658,696,979,1078,946,867,1189,1023,1225,1109,1404,1323,2023-02-02,1
202,25,26,0,0,122,0,0,0,0,0,0,2023-01-27,0
648,485,537,415,474,235,437,272,173,263,199,38,2023-01-27,1
859,779,1069,1005,1154,1124,1152,1248,1358,1429,1522,1532,2022-12-11,1
994,795,1094,1172,868,1142,1110,1163,967,1146,1084,1054,2023-02-02,1
318,635,420,743,798,677,719,829,938,1121,1187,1156,2022-12-11,1
468,295,255,404,369,711,547,535,734,958,1045,797,2023-02-02,1
1058,966,1020,1059,940,1287,975,1386,1311,1485,1175,1499,2023-01-27,1
127,230,333,111,430,92,447,207,413,406,559,273,2023-02-02,1
618,634,996,893,798,834,1107,1027,1190,1250,1269,1182,2023-01-27,1
286,580,446,87,300,119,0,197,42,0,0,0,2022-12-11,1
316,0,0,0,0,0,0,0,0,0,0,0,2022-12-11,1
360,643,787,935,912,930,993,923,1085,1021,1082,1349,2022-12-11,1
191,285,292,548,614,464,632,633,797,862,916,692,2023-02-02,1
380,362,322,388,373,373,197,364,163,0,200,113,2023-01-27,1
670,537,692,801,528,759,469,619,414,569,528,637,2022-12-11,1
241,277,464,252,0,209,118,0,0,0,0,0,2023-01-27,1
1036,971,588,848,574,629,582,309,271,217,202,47,2023-02-02,1
427,710,466,535,665,1073,1021,930,1088,1352,1240,1400,2023-01-27,1
610,604,553,321,112,299,0,149,130,0,0,0,2022-12-11,1
783,822,1066,1097,1230,1420,1534,1319,1398,1482,1655,1800,2023-01-27,1
228,41,0,72,144,376,374,532,461,538,552,563,2023-01-27,1
268,55,0,76,101,0,0,0,0,0,0,0,2022-12-11,1
691,365,580,673,303,651,481,540,434,319,367,452,2022-12-11,1
0,90,8,139,479,406,586,472,334,657,830,870,2023-02-02,1
825,546,719,800,609,731,919,946,928,874,801,866,2023-02-02,1
353,418,310,86,130,411,238,232,432,347,403,163,2022-12-11,1
177,23,14,41,0,0,0,19,0,0,0,0,2023-02-02,0
473,626,708,724,694,733,737,745,1039,855,1145,1329,2022-12-11,1
795,1112,1181,1147,1028,1094,915,960,1194,1279,1231,1076,2022-12-11,1
315,267,477,442,527,448,466,470,566,249,471,393,2023-02-02,1
209,168,323,99,426,179,504,319,424,369,430,503,2022-12-11,1
262,380,287,343,107,118,0,0,0,0,0,0,2022-12-11,1
981,752,829,606,877,559,462,677,629,477,417,163,2023-01-27,0
479,502,814,728,709,794,934,1009,1128,1314,1262,1210,2022-12-11,1
274,163,285,330,586,515,707,695,950,897,978,988,2022-12-11,1
371,597,644,593,620,517,537,699,779,982,717,1078,2022-12-11,1
809,815,894,933,795,968,742,819,908,865,1205,951,2023-01-27,1
233,387,76,292,255,156,214,168,217,540,595,613,2023-02-02,1
691,646,497,186,320,241,104,0,0,0,0,0,2023-01-27,0
525,422,508,434,707,485,463,631,579,724,577,790,2023-01-27,1
548,388,603,496,342,273,260,317,425,356,611,488,2023-02-02,0
479,492,564,462,568,689,796,506,652,718,612,810,2023-01-27,1
597,321,140,89,146,82,88,0,0,0,0,0,2022-12-11,0
150,13,58,279,0,130,57,0,0,0,0,0,2022-12-11,1
833,600,567,585,637,768,550,511,533,767,648,584,2022-12-11,1
82,97,0,0,0,0,0,0,0,0,0,0,2023-02-02,0
898,1023,914,1069,1259,1144,1315,1574,1546,1705,1615,1761,2023-01-27,1
799,802,499,537,403,605,627,411,565,421,647,529,2023-01-27,0
912,1151,989,942,1139,996,1135,1120,1076,1258,1309,1136,2023-01-27,1
610,449,509,390,592,228,285,305,5,324,274,90,2023-01-27,0
775,849,1258,1271,1130,1312,1311,1617,1590,1768,1889,1762,2023-02-02,1
402,256,120,406,30,0,0,0,0,0,0,0,2023-01-27,1
734,570,868,815,992,1154,1013,1180,1443,1432,1563,1497,2022-12-11,1
33,224,104,260,357,372,456,505,378,498,703,717,2022-12-11,1
497,607,914,752,1052,888,868,1100,971,1131,1356,1318,2023-02-02,1
751,622,576,312,153,356,105,64,39,0,0,0,2022-12-11,0
873,721,565,597,449,538,173,313,10,0,9,0,2023-02-02,1
240,114,277,368,372,326,300,125,123,421,257,210,2022-12-11,1
932,702,533,720,676,570,214,115,278,4,83,58,2023-01-27,1
233,303,65,224,248,42,150,182,40,0,34,0,2022-12-11,0
806,998,770,754,931,930,812,1014,700,1079,836,926,2023-01-27,1
850,752,1032,985,841,815,599,877,651,562,658,703,2023-02-02,0
12,20,0,0,0,0,0,0,0,0,0,0,2022-12-11,0
560,490,558,572,396,339,255,227,486,427,335,78,2022-12-11,1
275,309,307,141,465,300,426,403,408,542,258,612,2022-12-11,1
709,771,402,352,670,457,616,430,418,531,223,388,2023-01-27,0
513,789,605,692,825,834,802,877,960,754,814,1071,2023-02-02,1
243,0,0,0,0,28,0,0,0,0,0,0,2022-12-11,1
516,566,489,968,1021,1070,1064,1072,1269,1325,1521,1292,2023-01-27,1
195,147,130,418,436,128,437,178,84,94,333,152,2023-01-27,1
286,264,452,471,431,255,159,135,338,108,254,140,2022-12-11,1
590,332,433,680,497,820,621,1057,852,1034,1252,1312,2022-12-11,1
133,245,249,0,0,0,0,0,0,0,0,0,2023-02-02,0
492,405,270,299,186,250,157,0,196,0,0,0,2023-02-02,0
775,422,540,249,313,243,252,267,173,107,31,0,2022-12-11,0
191,169,423,362,588,518,487,665,899,1002,1133,1207,2023-01-27,1
922,1200,1037,1063,1259,1339,1360,1593,1667,1684,1652,1691,2023-01-27,1
885,998,1054,1189,1117,1024,1335,1117,1423,1417,1144,1228,2022-12-11,1
1004,667,658,609,538,555,522,281,125,38,0,0,2023-01-27,1
582,748,811,545,613,461,492,780,493,782,793,742,2022-12-11,0
252,557,318,309,503,466,541,509,833,627,930,821,2022-12-11,1
0,231,95,199,220,260,418,304,682,374,543,638,2022-12-11,1
493,409,617,544,750,792,819,736,773,1045,1160,956,2022-12-11,1
232,322,259,61,29,61,0,38,0,0,0,0,2022-12-11,0
490,435,387,417,272,431,486,399,448,560,339,594,2023-01-27,1
610,758,373,318,476,31,284,18,0,0,0,0,2022-12-11,0
732,807,484,405,388,556,396,40,137,104,0,0,2022-12-11,1
569,734,652,458,662,756,476,501,391,689,409,520,2023-01-27,1
659,988,906,760,930,1062,1271,1122,1083,1349,1246,1221,2022-12-11,1
509,443,626,471,707,670,828,838,832,953,677,798,2022-12-11,1
46,419,404,528,552,649,519,963,1054,924,1200,1104,2022-12-11,1
317,81,289,211,375,325,371,301,308,656,540,503,2022-12-11,1
838,903,1103,871,1252,1312,1195,1305,1560,1701,1600,1893,2022-12-11,1
696,714,822,674,439,393,360,215,445,367,392,57,2022-12-11,1
290,112,121,0,0,72,0,0,0,0,0,0,2023-02-02,0
0,360,345,227,242,400,333,425,502,430,690,708,2023-02-02,1
231,389,444,584,504,491,613,422,687,788,706,538,2023-01-27,1
534,562,594,479,758,728,843,615,892,775,955,1003,2022-12-11,1
844,904,1148,905,975,1073,1116,1310,1039,1026,1267,1102,2023-02-02,1
1104,864,1045,774,785,837,998,782,703,1026,730,634,2023-02-02,1
0,4,0,0,0,0,0,0,0,0,0,0,2023-01-27,1
152,240,245,443,392,652,965,1068,868,1144,1050,1253,2022-12-11,1
841,950,659,977,837,920,1036,1133,1039,1084,1350,1330,2022-12-11,1
41,88,27,74,31,91,165,262,189,294,227,144,2022-12-11,1
1128,853,914,993,984,1101,1057,1383,1304,1445,1417,1541,2023-02-02,1
841,674,933,741,775,858,1053,923,691,768,1094,850,2022-12-11,1
938,897,581,805,541,481,345,348,398,56,365,97,2022-12-11,1
1063,1064,1045,1142,761,1099,944,821,1130,797,1076,1161,2023-02-02,1
538,463,604,495,700,566,483,646,792,749,696,830,2023-01-27,1
660,866,780,815,508,630,356,403,318,115,132,0,2022-12-11,1
472,477,440,762,758,477,539,586,648,892,712,930,2022-12-11,1
590,311,285,427,0,252,0,105,0,0,0,0,2023-01-27,1
674,810,750,584,366,170,246,173,5,0,0,0,2022-12-11,1
834,918,867,865,1055,1039,1248,1379,1141,1434,1595,1484,2023-01-27,1
1002,775,802,840,889,1167,979,1062,964,1250,1221,1104,2023-02-02,1
219,113,219,148,260,390,328,347,414,255,296,372,2023-01-27,1
915,608,708,395,610,244,64,96,0,0,0,0,2022-12-11,0
457,312,355,569,564,376,621,768,891,736,931,1035,2023-01-27,1
436,607,402,285,51,170,0,125,0,0,12,0,2023-01-27,1
622,1016,1080,1125,1337,1393,1230,1682,1674,1484,1879,1750,2023-01-27,1
265,593,559,448,634,687,543,499,517,426,524,657,2023-01-27,1
169,203,7,98,187,356,5,364,128,54,341,326,2022-12-11,1
82,294,0,288,0,208,0,0,32,3,0,0,2022-12-11,0
455,657,461,829,950,995,817,998,1145,1065,1346,1467,2023-01-27,1
359,396,522,597,572,443,580,614,665,809,885,755,2023-01-27,1
1043,832,1188,1316,1004,1178,1379,1493,1577,1321,1409,1440,2022-12-11,1
0,0,0,63,0,0,0,0,0,0,0,0,2022-12-11,1
611,521,698,622,416,368,217,380,0,0,0,0,2023-01-27,0
800,768,955,937,794,663,646,599,648,708,771,471,2023-02-02,1
0,33,0,0,0,0,0,0,0,0,0,0,2022-12-11,1
751,1047,929,971,1249,1064,1194,1147,1285,1559,1292,1343,2022-12-11,1
238,338,160,259,389,311,343,109,156,0,127,220,2023-01-27,0
557,608,548,560,804,761,869,927,1009,1161,1204,1026,2023-02-02,1
175,298,186,114,253,79,0,0,0,0,0,0,2023-01-27,0
0,0,281,245,113,304,535,658,507,450,467,734,2022-12-11,1
861,830,639,731,453,475,286,466,457,270,131,56,2022-12-11,1
897,887,918,1118,981,1160,1300,1442,1320,1345,1529,1270,2022-12-11,1
1067,1174,1185,1229,1173,1148,1379,1310,1279,1522,1492,1216,2023-01-27,1
803,835,694,824,452,653,388,224,507,465,316,296,2022-12-11,1
546,693,769,550,634,680,783,841,804,566,814,599,2022-12-11,0
552,323,186,396,159,234,141,0,0,0,0,0,2023-02-02,0
131,0,0,0,0,0,0,0,0,0,0,0,2023-02-02,1
209,0,0,0,0,0,0,0,0,0,0,0,2022-12-11,1
543,581,292,220,358,389,60,104,362,172,49,0,2023-02-02,0
772,627,580,558,812,832,738,569,560,471,549,319,2023-01-27,0
345,380,298,333,186,519,474,349,37,66,0,24,2023-02-02,0
580,708,535,599,660,264,273,317,242,339,75,197,2022-12-11,1
1009,753,649,780,713,660,357,306,385,379,222,157,2023-02-02,1
148,0,0,99,45,0,0,0,0,0,0,0,2023-02-02,0
372,445,356,555,346,505,323,260,371,434,464,450,2022-12-11,1
566,927,824,510,781,673,698,555,422,403,474,556,2022-12-11,0
0,0,0,0,0,0,0,0,0,0,0,0,2022-12-11,0
356,522,316,505,271,441,421,409,301,410,292,634,2023-01-27,1
801,738,806,660,355,258,357,429,308,196,14,0,2023-02-02,0
1091,1129,907,1235,1048,1220,1269,1662,1488,1508,1612,1870,2023-01-27,1
103,55,166,83,0,0,0,0,0,0,0,0,2022-12-11,1
519,491,657,849,895,895,826,979,779,960,956,1282,2023-02-02,1
1009,855,1024,1304,1095,1517,1526,1398,1721,1719,1862,1902,2023-01-27,1
77,106,93,193,211,418,133,361,293,624,628,650,2023-01-27,1
968,767,925,611,490,708,279,537,412,102,8,85,2023-01-27,0
714,514,574,682,373,712,477,580,574,388,707,695,2022-12-11,1
224,0,0,0,0,0,0,0,0,0,0,0,2023-01-27,1
723,470,348,462,406,151,0,62,72,0,0,0,2023-02-02,0
58,25,0,0,0,0,0,0,0,0,0,0,2023-01-27,0
790,477,775,657,406,357,264,209,0,111,95,0,2022-12-11,0
646,671,291,414,430,413,511,498,293,349,152,244,2023-01-27,0
419,537,653,365,360,373,621,625,640,506,221,360,2023-01-27,1
684,693,628,590,647,641,584,748,868,899,731,680,2023-01-27,1
489,415,554,779,805,821,597,726,686,1008,819,981,2022-12-11,1
950,971,1029,1177,1322,1066,1403,1206,1482,1552,1583,1573,2023-02-02,1
628,801,747,827,808,845,1156,1037,1150,1484,1404,1608,2022-12-11,1
0,180,0,185,0,181,131,10,304,94,58,57,2022-12-11,1
97,91,190,0,0,0,0,0,0,0,0,0,2023-02-02,0
238,428,34,0,149,84,3,0,0,0,0,0,2022-12-11,1
552,615,454,278,135,202,118,0,0,0,0,0,2023-01-27,0
885,647,806,819,698,464,695,443,412,702,530,575,2022-12-11,1
486,681,633,729,462,574,848,634,786,871,893,882,2023-01-27,1
376,116,388,240,146,0,0,0,0,0,0,0,2023-02-02,1
475,818,661,1040,969,885,1089,1074,1343,1181,1383,1319,2022-12-11,1
729,453,503,560,457,693,529,635,752,538,635,640,2023-02-02,1
359,163,329,42,154,0,0,0,0,0,0,0,2023-01-27,1
139,111,0,0,0,0,0,0,0,0,0,0,2023-02-02,1
928,797,657,812,820,1016,742,1024,948,1198,983,948,2023-02-02,1
597,396,347,140,185,250,15,185,0,0,207,0,2023-01-27,0
890,859,1015,968,1306,1357,1362,1178,1330,1471,1676,1721,2023-01-27,1
977,871,1042,916,910,1014,1238,1107,1110,1263,1266,1328,2022-12-11,1
725,1015,1050,948,1272,1029,1343,1206,1441,1557,1421,1471,2022-12-11,1
400,613,428,633,537,948,763,748,1103,1073,896,1162,2023-02-02,1
504,670,354,428,448,537,437,719,535,599,803,793,2023-02-02,1
928,920,935,887,976,1215,1316,1394,1228,1220,1604,1510,2022-12-11,1
345,227,158,161,81,34,28,203,256,0,0,0,2023-01-27,1
259,34,215,159,33,0,145,0,134,43,173,316,2022-12-11,1
198,145,550,527,420,742,706,896,720,1149,1132,1322,2023-01-27,1
652,657,419,204,173,385,24,0,106,0,31,0,2022-12-11,0
569,267,369,116,341,251,127,120,121,93,29,0,2023-02-02,0
686,488,706,460,451,128,244,0,0,0,0,0,2022-12-11,1
146,419,360,441,531,693,577,953,882,1055,1208,1346,2023-01-27,1
363,209,487,441,611,550,690,728,930,867,923,1130,2022-12-11,1
1010,889,827,880,564,649,502,622,369,390,345,310,2022-12-11,0
596,912,784,817,634,984,716,824,776,993,652,1054,2022-12-11,1
309,487,198,251,593,561,577,397,419,565,310,288,2022-12-11,1
103,236,178,322,102,144,25,0,0,0,0,0,2023-01-27,0
1019,718,960,830,750,643,930,636,762,709,962,927,2022-12-11,0
570,899,778,624,835,857,756,798,679,934,936,886,2022-12-11,1
927,784,898,1001,1158,990,1038,994,1006,1382,1350,1410,2022-12-11,1
740,912,727,788,769,641,490,238,435,138,157,91,2023-01-27,0
566,773,631,414,556,616,298,466,391,522,443,476,2023-02-02,0
694,481,844,782,689,911,951,1063,1000,1148,1311,1361,2023-01-27,1
323,457,661,487,427,584,766,706,828,789,558,562,2022-12-11,1
530,265,488,404,561,383,373,670,735,770,765,758,2023-02-02,1
100,124,0,0,0,0,0,0,0,0,0,0,2023-02-02,1
289,85,160,112,111,0,0,0,0,0,0,0,2023-01-27,0
1071,1099,879,878,983,896,940,780,904,828,583,624,2022-12-11,0
527,583,660,699,594,912,911,882,968,1325,1285,1530,2023-01-27,1
164,248,125,94,0,0,0,0,0,0,0,0,2022-12-11,1
362,729,552,778,924,883,1027,912,1129,1250,1183,1224,2023-02-02,1
587,766,910,904,995,968,1047,1214,1439,1521,1653,1694,2023-02-02,1
92,283,137,0,0,0,0,0,0,0,0,0,2023-02-02,0
